<?xml version="1.0" encoding="UTF-8" standalone="no"?>
<featureModel>
	<properties>
		<graphics key="autolayoutconstraints" value="false"/>
		<graphics key="legendautolayout" value="true"/>
		<graphics key="showshortnames" value="false"/>
		<graphics key="layout" value="horizontal"/>
		<graphics key="showcollapsedconstraints" value="true"/>
		<graphics key="legendhidden" value="false"/>
		<graphics key="layoutalgorithm" value="1"/>
	</properties>
	<struct>
		<and mandatory="true" name="Automata">
			<feature name="Connected"/>
			<and mandatory="true" name="Memory">
				<feature name="Stack"/>
				<and mandatory="true" name="States">
					<and name="Final">
						<feature name="NoOutgoingTrans"/>
					</and>
					<feature name="Hierarchical"/>
					<and name="Initial">
						<feature name="NoIncomingTrans"/>
					</and>
				</and>
			</and>
			<and mandatory="true" name="Transitions">
				<and name="Input">
					<feature name="Deterministic"/>
				</and>
				<feature name="Lambda"/>
				<feature name="Output"/>
				<feature name="Probability"/>
			</and>
		</and>
	</struct>
	<constraints>
		<rule>
			<imp>
				<var>Lambda</var>
				<not>
					<var>Deterministic</var>
				</not>
			</imp>
		</rule>
	</constraints>
</featureModel>
