<?xml version="1.0" encoding="UTF-8" standalone="no"?>
<featureModel>
	<properties>
		<graphics key="autolayoutconstraints" value="false"/>
		<graphics key="legendautolayout" value="true"/>
		<graphics key="showshortnames" value="false"/>
		<graphics key="layout" value="horizontal"/>
		<graphics key="showcollapsedconstraints" value="true"/>
		<graphics key="legendhidden" value="false"/>
		<graphics key="layoutalgorithm" value="1"/>
	</properties>
	<struct>
		<and mandatory="true" name="Graph">
			<and mandatory="true" name="Edges">
				<graphics key="collapsed" value="false"/>
				<alt mandatory="true" name="EdgesALT">
					<graphics key="collapsed" value="false"/>
					<feature name="Directed"/>
					<feature name="Undirected"/>
				</alt>
				<feature name="Weighted"/>
			</and>
			<and mandatory="true" name="Nodes">
				<graphics key="collapsed" value="false"/>
				<feature name="Hierarchy"/>
				<feature name="Identified"/>
			</and>
		</and>
	</struct>
</featureModel>
