<?xml version="1.0" encoding="UTF-8" standalone="no"?>
<configuration>
	<feature automatic="selected" name="Networking"/>
	<feature manual="selected" name="Ack"/>
	<feature name="NodeFailures"/>
	<feature automatic="unselected" name="TimeStamped"/>
	<feature automatic="selected" name="NetworkingALT"/>
	<feature automatic="unselected" name="RichLink"/>
	<feature automatic="unselected" name="CommFailures"/>
	<feature automatic="unselected" name="Speed"/>
	<feature manual="selected" name="SimpleLink"/>
</configuration>
